model,brand,fuel,drive,mpg,gears,image,description
Mustang,Ford,Gas,Rear-Wheel Drive,19.5,Manual,undefined,The Ford Mustang is an iconic American muscle car known for its powerful performance and classic design. With rear-wheel drive and a range of powerful engine options, the Mustang offers an exhilarating driving experience. Whether cruising on the open road or turning heads in the city, the Ford Mustang combines style and performance in a timeless package.
Camaro,Chevrolet,Gas,Rear-Wheel Drive,20.8,Manual,undefined,The Chevrolet Camaro is a sleek and sporty muscle car that delivers impressive performance on the road. With its rear-wheel-drive configuration and a range of powerful engines, the Camaro offers a thrilling driving experience. Its aggressive design and cutting-edge technology make it a popular choice for those seeking both style and performance in a sports car.
911,Porsche,Gas,Rear-Wheel Drive,21.9,Manual,undefined,The Porsche 911 is a legendary sports car that embodies the perfect balance of precision engineering and timeless design. With its rear-wheel-drive layout and a powerful engine positioned at the rear, the 911 delivers exceptional performance and handling. Renowned for its iconic silhouette and racing heritage, the Porsche 911 is a symbol of high-performance driving.
Model S,Tesla,Electric,All-Wheel Drive,111.9,Single-Speed Automatic,undefined,The Tesla Model S is an all-electric luxury sedan that redefines the driving experience. With its groundbreaking technology, instant acceleration, and long-range capabilities, the Model S offers a sustainable and high-performance alternative. The sleek design, innovative features, and autopilot capabilities make the Tesla Model S a standout choice in the electric car market.
3 Series,BMW,Gas,Rear-Wheel Drive,28.3,Automatic,undefined,The BMW 3 Series is a luxury compact sedan known for its dynamic driving performance and sophisticated design. With rear-wheel drive and a range of powerful engines, the 3 Series delivers a perfect blend of sportiness and elegance. The well-crafted interior, advanced technology features, and responsive handling make the BMW 3 Series a top choice for those seeking a premium driving experience.
Wrangler,Jeep,Gas,Four-Wheel Drive,18.3,Manual,undefined,The Jeep Wrangler is an iconic off-road SUV celebrated for its rugged design and exceptional off-road capabilities. With four-wheel drive and a durable construction, the Wrangler is built to tackle challenging terrain while providing a comfortable and versatile driving experience. Whether exploring the great outdoors or navigating city streets, the Jeep Wrangler is a symbol of adventure and freedom.
Camry,Toyota,Gas,Front-Wheel Drive,32.4,Automatic,undefined,The Toyota Camry is a midsize sedan known for its reliable performance and fuel efficiency. With front-wheel drive and a smooth automatic transmission, the Camry offers a comfortable and practical driving experience. Its spacious interior, advanced safety features, and reputation for longevity make the Toyota Camry a popular choice for drivers seeking a dependable and family-friendly car.
F-150,Ford,Gas,Rear-Wheel Drive,20.4,Automatic,undefined,The Ford F-150 is a legendary full-size pickup truck recognized for its robust capabilities and versatility. With rear-wheel drive and a powerful engine lineup, the F-150 is designed to handle tough tasks while providing a comfortable and connected driving experience. Whether used for work or play, the Ford F-150 is a symbol of American strength and innovation in the truck market.
A4,Audi,Gas,All-Wheel Drive,27.7,Automatic,undefined,The Audi A4 is a luxury compact sedan that combines performance, style, and advanced technology. With all-wheel drive and a range of efficient engines, the A4 delivers a refined and exhilarating driving experience. The well-appointed interior, cutting-edge infotainment system, and attention to detail make the Audi A4 a standout choice in the premium sedan segment.
Civic,Honda,Gas,Front-Wheel Drive,32.4,Manual,undefined,The Honda Civic is a compact car renowned for its exceptional blend of style, reliability, and efficiency. With its sleek and modern design, it effortlessly navigates city streets while offering a comfortable and well-appointed interior. Known for its fuel efficiency and dependable performance, the Honda Civic is a popular choice among drivers seeking a practical and versatile vehicle that delivers an enjoyable driving experience.
Accord,Honda,Gas,Front-Wheel Drive,30.7,Automatic,undefined,The Honda Accord is a midsize sedan known for its balance of comfort, performance, and reliability. With front-wheel drive and a range of efficient engines, the Accord provides a smooth and enjoyable driving experience. Its spacious interior, advanced safety features, and reputation for longevity make the Honda Accord a popular choice for those seeking a well-rounded and practical car.
Silverado,Chevrolet,Gas,Rear-Wheel Drive,18.2,Automatic,undefined,The Chevrolet Silverado is a rugged and capable full-size pickup truck designed for both work and play. With rear-wheel drive and a robust engine lineup, the Silverado offers impressive towing and hauling capabilities while providing a comfortable and well-equipped interior. Whether tackling tough jobs or embarking on off-road adventures, the Silverado is a reliable companion.
Range Rover,Land Rover,Gas,Four-Wheel Drive,17.8,Automatic,undefined,The Land Rover Range Rover is a luxury SUV that combines opulence with off-road capability. With four-wheel drive and advanced terrain response systems, the Range Rover excels in both urban and off-road environments. Its plush interior, cutting-edge technology, and commanding presence make the Range Rover a symbol of luxury and adventure.
Cherokee,Jeep,Gas,Front-Wheel Drive,23.4,Automatic,undefined,The Jeep Cherokee is a compact SUV known for its versatility and off-road capabilities. With front-wheel drive and available four-wheel-drive options, the Cherokee provides a comfortable and capable driving experience. Whether navigating city streets or exploring rugged terrain, the Jeep Cherokee offers a perfect blend of style and practicality.
Golf,Volkswagen,Gas,Front-Wheel Drive,29.4,Automatic,undefined,The Volkswagen Golf is a versatile and compact hatchback known for its responsive handling and efficient design. With front-wheel drive and a range of engine options, the Golf delivers a balanced driving experience. Its well-crafted interior, practical features, and European-inspired design make the Volkswagen Golf a popular choice in the compact car segment.
Corvette,Chevrolet,Gas,Rear-Wheel Drive,19.6,Manual,undefined,The Chevrolet Corvette is an iconic American sports car celebrated for its high-performance capabilities and sleek design. With rear-wheel drive and a powerful engine, the Corvette delivers exhilarating speed and handling. Whether cruising the open road or dominating the track, the Corvette is a symbol of American automotive engineering.
XC90,Volvo,Gas,All-Wheel Drive,23.6,Automatic,undefined,The Volvo XC90 is a luxury SUV known for its elegant design, advanced safety features, and spacious interior. With all-wheel drive and a range of efficient engines, the XC90 offers a comfortable and secure driving experience. Its Scandinavian-inspired design, cutting-edge technology, and commitment to excellence make the XC90 a standout choice in the premium SUV segment.
CR-V,Honda,Gas,All-Wheel Drive,30.1,CVT,undefined,The Honda CR-V is a popular compact SUV known for its spacious interior, practical features, and fuel efficiency. With all-wheel drive and a comfortable ride, the CR-V is suitable for both urban commuting and adventurous journeys. Its reliability and versatile cargo space make it a top choice for families and individuals alike.
Escape,Ford,Gas,Front-Wheel Drive,28.4,Automatic,undefined,The Ford Escape is a compact crossover SUV that combines style, performance, and technology. With front-wheel drive and a range of efficient engines, the Escape offers a comfortable and connected driving experience. Its sleek design, advanced safety features, and versatility make the Ford Escape a well-rounded choice in the competitive SUV market.
Altima,Nissan,Gas,Front-Wheel Drive,32.2,CVT,undefined,The Nissan Altima is a midsize sedan known for its reliability and fuel efficiency. With front-wheel drive and a smooth continuously variable transmission (CVT), the Altima provides a comfortable and efficient driving experience. Its spacious interior, advanced technology, and strong reputation for durability make the Altima a popular choice for daily commuting.